{
  "build": {
    "arduino":{
      "ldscript": "esp32_out.ld"
    },
    "core": "esp32",
    "extra_flags": "-DARDUINO_ESP32_DEV -DBOARD_HAS_PSRAM -DHAS_PSRAM_FIX -mfix-esp32-psram-cache-issue -mfix-esp32-psram-cache-strategy=memw",
    "f_cpu": "240000000L",
    "f_flash": "80000000L",
    "flash_mode": "dout",
    "mcu": "esp32",
    "variant": "esp32",
    "partitions": "esp32_partition_app1856k_spiffs320k.csv"
  },
  "connectivity": [
    "wifi",
    "bluetooth",
    "ethernet",
    "can"
  ],
  "debug": {
    "openocd_target": "esp32.cfg"
  },
  "frameworks": [
    "arduino",
    "espidf"
  ],
  "name": "AI Thinker ESP32-CAM, 4M Flash 4MB PSRAM, Tasmota 1856k Code/OTA, 320k SPIFFS",
  "upload": {
    "flash_size": "4MB",
    "maximum_ram_size": 327680,
    "maximum_size": 4194304,
    "require_upload_port": true,
    "speed": 460800
  },
  "url": "https://wiki.ai-thinker.com/esp32-cam",
  "vendor": "AI Thinker"
}
