{
  "build": {
    "arduino": {
      "ldscript": "eagle.flash.2m256.ld"
    },
    "core": "esp8266",
    "extra_flags": "-DESP8266 -DARDUINO_ARCH_ESP8266 -DARDUINO_ESP8266_ESP01",
    "f_cpu": "160000000L",
    "f_flash": "40000000L",
    "flash_mode": "dout",
    "mcu": "esp8266",
    "variant": "generic"
  },
  "connectivity": [
    "wifi"
  ],
  "frameworks": [
    "arduino",
    "esp8266-rtos-sdk",
    "esp8266-nonos-sdk"
  ],
  "name": "Sonoff ZbBridge Tasmota 1M sketch 772k OTA 256k SPIFFS",
  "upload": {
    "maximum_ram_size": 81920,
    "maximum_size": 995326,
    "require_upload_port": true,
    "resetmethod": "ck",
    "speed": 115200
  },
  "url": "https://templates.blakadder.com/sonoff_ZBBridge.html",
  "vendor": "Espressif"
}
